Channel,ROI_per_₹1,Total_Spend_₹,Revenue_Contribution,ROI_%
Social_Spend,0.3108,1145275575.5300002,355951649.0,10.3
Search_Spend,1.1308,287213205.81000006,324780693.0,9.4
Influencer_Spend,2.3666,689340238.6400001,1631392609.0,47.0
Media_Spend,2.77,417214005.0799999,1155682794.0,33.3
